{"name":"Dashboard","tagline":"","body":"# [Start Bootstrap](http://startbootstrap.com/) - [SB Admin 2](http://startbootstrap.com/template-overviews/sb-admin-2/)\r\n\r\n[SB Admin 2](http://startbootstrap.com/template-overviews/sb-admin-2/) is an open source, admin dashboard template for [Bootstrap](http://getbootstrap.com/) created by [Start Bootstrap](http://startbootstrap.com/).\r\n\r\n## Getting Started\r\n\r\nTo use this template, choose one of the following options to get started:\r\n* Download the latest release on Start Bootstrap\r\n* Fork this repository on GitHub\r\n* Install via bower using `bower install startbootstrap-sb-admin-2`\r\n\r\n## Bugs and Issues\r\n\r\nHave a bug or an issue with this template? [Open a new issue](https://github.com/IronSummitMedia/startbootstrap-sb-admin-2/issues) here on GitHub or leave a comment on the [template overview page at Start Bootstrap](http://startbootstrap.com/template-overviews/sb-admin-2/).\r\n\r\n## Creator\r\n\r\nStart Bootstrap was created by and is maintained by **David Miller**, Managing Parter at [Iron Summit Media Strategies](http://www.ironsummitmedia.com/).\r\n\r\n* https://twitter.com/davidmillerskt\r\n* https://github.com/davidtmiller\r\n\r\nStart Bootstrap is based on the [Bootstrap](http://getbootstrap.com/) framework created by [Mark Otto](https://twitter.com/mdo) and [Jacob Thorton](https://twitter.com/fat).\r\n\r\n## Copyright and License\r\n\r\nCopyright 2013-2015 Iron Summit Media Strategies, LLC. Code released under the [Apache 2.0](https://github.com/IronSummitMedia/startbootstrap-sb-admin-2/blob/gh-pages/LICENSE) license.\r\n","google":"","note":"Don't delete this file! It's used internally to help with page regeneration."}